service_type,total_orders,avg_rating,avg_cost,avg_route_overrides,risk_rate,complaint_rate,risk_rate_percent
business,126,3.848809523809524,13.142142857142858,1.1746031746031746,1.0,0.2619047619047619,100.0
medical,108,3.8376851851851854,12.772962962962962,0.8425925925925926,1.0,0.2037037037037037,100.0
parcel,230,3.9040434782608693,13.082652173913045,1.0608695652173914,1.0,0.24347826086956523,100.0
passenger,262,3.848969465648855,12.399083969465648,0.8702290076335878,1.0,0.24427480916030533,100.0
retail,224,3.8755357142857143,12.974419642857143,0.9375,1.0,0.2544642857142857,100.0
