zone,total_deliveries,avg_rating,avg_cost,risk_rate,total_complaints,risk_rate_percent
airport,104,3.883653846153846,13.319230769230769,1.0,23.0,100.0
central,243,3.7877777777777775,12.644197530864197,1.0,65.0,100.0
east,119,3.899495798319328,12.744201680672269,1.0,33.0,100.0
north,136,3.8420588235294115,12.755808823529412,1.0,32.0,100.0
riverside,115,3.884608695652174,12.922086956521738,1.0,33.0,100.0
south,106,3.9517924528301887,12.565000000000001,1.0,18.0,100.0
west,127,3.916456692913386,13.167007874015749,1.0,28.0,100.0
